{
  "1": {
    "R_to_canonical": [
      1.0,
      0.0,
      0.0,
      0.0,
      1.0,
      0.0,
      0.0,
      0.0,
      1.0
    ],
    "t_to_canonical": [
      -0.017,
      0.018,
      -0.675
    ],
    "symmetry": "cylinder"
  },
  "2": {
    "R_to_canonical": [
      -0.01745241,
      -0.9998477,
      0.0,
      0.9998477,
      -0.01745241,
      0.0,
      0.0,
      0.0,
      1.0
    ],
    "t_to_canonical": [
      1.957,
      0.054,
      1.265
    ],
    "symmetry": "box"
  },
  "3": {
    "R_to_canonical": [
      -0.04359009,
      -0.99902413,
      0.00711991,
      0.99837725,
      -0.04329826,
      0.03698808,
      -0.03664371,
      0.00872067,
      0.99929034
    ],
    "t_to_canonical": [
      0.259,
      0.427,
      2.003
    ],
    "symmetry": "box"
  },
  "4": {
    "R_to_canonical": [
      1.0,
      0.0,
      0.0,
      0.0,
      1.0,
      0.0,
      0.0,
      0.0,
      1.0
    ],
    "t_to_canonical": [
      0.134,
      -0.265,
      1.02
    ],
    "symmetry": "cylinder"
  },
  "5": {
    "R_to_canonical": [
      0.917054487341324,
      -0.39876169966268304,
      -0.0004172879933089003,
      0.39874663960946255,
      0.9170280091036671,
      -0.0077940951704386025,
      0.003490651415223732,
      0.0069812177657347626,
      0.9999695385116512
    ],
    "t_to_canonical": [
      -0.267,
      -0.386,
      17.465
    ],
    "symmetry": "front"
  },
  "6": {
    "R_to_canonical": [
      1.0,
      0.0,
      0.0,
      0.0,
      1.0,
      0.0,
      0.0,
      0.0,
      1.0
    ],
    "t_to_canonical": [
      -0.053,
      -0.005,
      0.583
    ],
    "symmetry": "cylinder"
  },
  "7": {
    "R_to_canonical": [
      0.4662048,
      -0.88463703,
      0.00839047,
      -0.02792164,
      -0.00523392,
      0.99959641,
      -0.88423609,
      -0.46625092,
      -0.0271406
    ],
    "t_to_canonical": [
      0.275,
      0.361,
      1.036
    ],
    "symmetry": "box"
  },
  "8": {
    "R_to_canonical": [
      -0.97437006,
      -0.22495104,
      0.0,
      0.0,
      0.0,
      1.0,
      -0.22495104,
      0.97437006,
      0.0
    ],
    "t_to_canonical": [
      0.659,
      -0.130,
      -0.354
    ],
    "symmetry": "box"
  },
  "9": {
    "R_to_canonical": [
      0.9988898749619699,
      0.04710645070964266,
      0.0,
      -0.04710645070964266,
      0.9988898749619699,
      -0.0,
      -0.0,
      0.0,
      1.0
    ],
    "t_to_canonical": [
      0.026,
      -0.277,
      0.745
    ],
    "symmetry": "box"
  },
  "10": {
    "R_to_canonical": [
      -0.93056911,
      0.29898871,
      0.21129810,
      0.20107792,
      -0.06492027,
      0.97742162,
      0.30595556,
      0.95204575,
      0.00029277
    ],
    "t_to_canonical": [
      -21.379,
      7.200,
      -11.438
    ],
    "symmetry": ""
  },
  "11": {
    "R_to_canonical": [
      0.72537437,
      0.68835458,
      0.0,
      -0.68835458,
      0.72537437,
      0.0,
      0.0,
      0.0,
      1.0
    ],
    "t_to_canonical": [
      10.310,
      -0.560,
      -4.308
    ],
    "symmetry": ""
  },
  "12": {
    "R_to_canonical": [
      1.0,
      0.0,
      0.0,
      0.0,
      1.0,
      0.0,
      0.0,
      0.0,
      1.0
    ],
    "t_to_canonical": [
      -4.514,
      0.141,
      25.163
    ],
    "symmetry": ""
  },
  "13": {
    "R_to_canonical": [
      1.0,
      0.0,
      0.0,
      0.0,
      1.0,
      0.0,
      0.0,
      0.0,
      1.0
    ],
    "t_to_canonical": [
      0.0,
      0.0,
      0.0
    ],
    "symmetry": "z"
  },
  "14": {
    "R_to_canonical": [
      0.9989705697907147,
      -0.04536298812925378,
      0.0,
      0.04536298812925378,
      0.9989705697907147,
      0.0,
      0.0,
      0.0,
      1.0
    ],
    "t_to_canonical": [
      10.087,
      0.687,
      13.396
    ],
    "symmetry": ""
  },
  "15": {
    "R_to_canonical": [
      0.99919297,
      0.02198819,
      -0.03361450,
      -0.03315518,
      -0.02093091,
      -0.99923102,
      -0.02267486,
      0.99953910,
      -0.02018499
    ],
    "t_to_canonical": [
      -15.263,
      -1.817,
      -13.832
    ],
    "symmetry": ""
  },
  "16": {
    "R_to_canonical": [
      0.9781461109301923,
      -0.2079163833494283,
      0.0009814311150234103,
      0.20791137415022576,
      0.9781403748566498,
      0.003777244267631638,
      -0.0017453283658983088,
      -0.003490646098658944,
      0.9999923845803572
    ],
    "t_to_canonical": [
      0.397,
      0.379,
      0.184
    ],
    "symmetry": "cuboid"
  },
  "17": {
    "R_to_canonical": [
      0.96544910,
      -0.26046565,
      -0.00810412,
      -0.00698126,
      0.00523584,
      -0.99996192,
      0.26049816,
      0.96546892,
      0.00323655
    ],
    "t_to_canonical": [
      -16.844,
      -0.065,
      30.307
    ],
    "symmetry": ""
  },
  "18": {
    "R_to_canonical": [
      0.999780683474845278,
      0.020942419883356954,
      0.0,
      0.0,
      0.0,
      -1.0,
      -0.020942419883356954,
      0.999780683474845389,
      0.0
    ],
    "t_to_canonical": [
      0.092171,
      -0.16253,
      2.8032
    ],
    "symmetry": "cylinder"
  },
  "19": {
    "R_to_canonical": [
      -0.98263208,
      -0.16015073,
      0.09373338,
      -0.1010563,
      0.03819129,
      -0.9941474,
      0.15563363,
      -0.98635347,
      -0.05371223
    ],
    "t_to_canonical": [
      9.622,
      -1.823,
      -6.22
    ],
    "symmetry": "front"
  },
  "20": {
    "R_to_canonical": [
      -0.12533152,
      0.99208594,
      0.00758244,
      -0.00523596,
      0.00698116,
      -0.99996192,
      -0.9921011,
      -0.12536644,
      0.00431957
    ],
    "t_to_canonical": [
      10.016,
      0.394,
      -5.703
    ],
    "symmetry": "front"
  },
  "21": {
    "R_to_canonical": [
      0.99990252,
      -0.01396218,
      0.00000000,
      0.00000000,
      0.00000000,
      -1.00000000,
      0.01396218,
      0.99990252,
      0.00000000
    ],
    "t_to_canonical": [
      0.412,
      -0.585,
      0.222
    ],
    "symmetry": "cuboid"
  }
}