{
  "1": [-1.3360000000000127, 0.5, -3.510499999999979],
  "2": [-0.5575000000000045, -1.7004999999999768, -4.80499999999995],
  "3": [0.9520000000001119, -1.467000000000013, -4.364499999999964],
  "4": [0.024000000000114596, 1.52699999999993, -8.403499999999894],
  "5": [-1.2994999999999663, -2.487000000000023, 11.82899999999995],
  "6": [0.1564999999999941, -0.11499999999989541, -4.262500000000017],
  "7": [-1.1644999999999754, 4.201499999999982, -3.119000000000028],
  "8": [-1.4460000000000264, 0.5914999999999964, -3.6084999999999354],
  "9": [-2.419499999999971, -0.3075000000000614, -8.0714999999999],
  "10": [18.672999999999888, -12.191500000000019, 1.4634999999999536],
  "11": [-5.337000000000103, -5.885499999999979, -25.611499999999978],
  "12": [-4.929000000000201, 2.479999999999791, 13.29200000000003],
  "13": [0.22699999999997544, -0.7950000000000159, 2.9674999999999727],
  "14": [8.467499999999916, 0.6994999999999436, 1.614500000000021],
  "15": [-9.071000000000026, -20.93599999999998, 2.119000000000028],
  "16": [-1.426499999999976, 2.5305000000000746, -17.188999999999965],
  "17": [-7.053500000000099, 28.131999999999977, -0.04200000000003001],
  "18": [-0.04599999999982174, 2.103999999999985, -0.35000000000002274],
  "19": [-10.517999999999915, 1.9640000000000555, 0.4745000000000097],
  "20": [0.3950000000000098, 10.413000000000011, -0.16199999999992087],
  "21": [0.0805000000000291, -0.08049999999997226, 8.24350000000004]
}
